{"cameraMode":{"drawMode":0,"name":"Shaded","section":"Shading Mode"},"sceneLighting":true,"audioPlay":false,"sceneViewState":{"showFog":true,"showMaterialUpdate":false,"showSkybox":true,"showFlares":true,"showImageEffects":true,"showParticleSystems":true},"in2DMode":false,"pivot":{"x":14218.0810546875,"y":-18895.166015625,"z":-23502.689453125},"rotation":{"x":0.09141253679990769,"y":0.9085644483566284,"z":-0.2855428159236908,"w":0.2909230887889862},"size":48311.12890625,"orthographic":false}