{"cameraMode":{"drawMode":0,"name":"Shaded","section":"Shading Mode"},"sceneLighting":true,"audioPlay":false,"sceneViewState":{"showFog":true,"showMaterialUpdate":false,"showSkybox":true,"showFlares":true,"showImageEffects":true,"showParticleSystems":true},"in2DMode":false,"pivot":{"x":1.5022627115249634,"y":0.09682594984769821,"z":0.37081053853034975},"rotation":{"x":-0.03465762734413147,"y":0.7497942447662354,"z":-0.03940381854772568,"w":-0.6596018671989441},"size":0.11287771910429001,"orthographic":false}